City_ID,City,Country,Date,Lat,Lng,Max Temp,Humidity,Cloudiness,Wind Speed
0,Lebu,CL,2022-12-19 19:00:00,-37.6167,-73.65,62.62,63,99,11.07
1,Mahebourg,MU,2022-12-19 19:00:00,-20.4081,57.7,78.26,78,40,3.44
2,Constantine,DZ,2022-12-19 19:00:01,36.365,6.6147,51.21,81,0,2.3
3,Hithadhoo,MV,2022-12-19 19:00:01,-0.6,73.0833,81.16,73,100,12.1
4,Panguna,PG,2022-12-19 19:00:06,-6.3164,155.4848,67.84,96,92,2.24
5,Khatanga,RU,2022-12-19 19:00:10,71.9667,102.5,-17.52,97,100,5.37
6,San Patricio,US,2022-12-19 19:00:14,28.017,-97.5169,57.06,91,100,12.88
7,Asau,RO,2022-12-19 19:00:16,46.4333,26.4,18.52,55,4,2.71
8,Gavrilovka Vtoraya,RU,2022-12-19 19:00:18,52.877,42.7663,21.18,92,96,12.33
9,Kaitangata,NZ,2022-12-19 19:00:20,-46.2817,169.8464,48.87,91,100,7.56
10,Nushki,PK,2022-12-19 19:00:21,29.5542,66.0215,44.22,52,0,1.86
11,Portland,US,2022-12-19 18:59:07,45.5234,-122.6762,41.61,86,100,1.99
12,Chuy,UY,2022-12-19 19:00:24,-33.6971,-53.4616,74.62,61,36,14.74
13,Cluses,FR,2022-12-19 19:00:25,46.0625,6.575,41.34,79,100,6.78
14,Cape Town,ZA,2022-12-19 18:57:40,-33.9258,18.4232,67.1,59,0,17.27
15,Saint Anthony,US,2022-12-19 19:00:28,45.0205,-93.218,12.29,82,100,10.36
16,Kapaa,US,2022-12-19 19:00:29,22.0752,-159.319,69.78,89,39,3.0
17,Kavieng,PG,2022-12-19 19:00:31,-2.5744,150.7967,80.01,80,100,4.54
18,Jamestown,US,2022-12-19 19:00:32,42.097,-79.2353,29.55,95,100,10.36
19,Kisangani,CD,2022-12-19 19:00:33,0.5167,25.2,71.08,97,100,2.06
20,Mehamn,NO,2022-12-19 19:00:36,71.0357,27.8492,30.15,74,40,8.05
21,Rikitea,PF,2022-12-19 19:00:37,-23.1203,-134.9692,77.02,83,100,18.28
22,Okhotsk,RU,2022-12-19 19:00:38,59.3833,143.3,3.29,78,100,21.88
23,Vanimo,PG,2022-12-19 19:00:40,-2.6741,141.3028,77.2,89,100,4.68
24,Gomel,BY,2022-12-19 19:00:01,52.4345,30.9754,2.41,97,25,5.08
25,Georgetown,MY,2022-12-19 19:00:40,5.4112,100.3354,78.73,87,20,8.05
26,Port Alfred,ZA,2022-12-19 19:00:41,-33.5906,26.891,67.17,86,100,1.99
27,Carnarvon,AU,2022-12-19 19:00:41,-24.8667,113.6333,72.91,84,0,7.72
28,Luderitz,NA,2022-12-19 19:00:42,-26.6481,15.1594,65.5,82,0,23.33
29,Itigi,TZ,2022-12-19 19:00:42,-5.7,34.4833,64.53,93,82,3.83
30,Cidreira,BR,2022-12-19 19:00:43,-30.1811,-50.2056,68.76,90,100,18.99
31,Barrow,US,2022-12-19 18:56:02,71.2906,-156.7887,2.23,97,100,5.21
32,Anyama,CI,2022-12-19 19:00:44,5.4946,-4.0518,79.61,69,69,6.8
33,Trairi,BR,2022-12-19 18:59:42,-3.2778,-39.2689,83.57,61,100,13.51
34,Bluff,NZ,2022-12-19 19:00:45,-46.6,168.3333,49.8,70,100,14.2
35,Tual,ID,2022-12-19 19:00:45,-5.6667,132.75,81.99,76,100,11.03
36,Davila,PH,2022-12-19 19:00:45,18.4726,120.5763,74.23,85,100,27.13
37,Mayfield,US,2022-12-19 19:00:46,36.7417,-88.6367,42.57,48,75,6.91
38,Albany,US,2022-12-19 18:59:16,42.6001,-73.9662,34.65,69,51,7.0
39,Cozumel,MX,2022-12-19 19:00:46,20.5083,-86.9458,84.07,71,17,7.0
40,Bethel,US,2022-12-19 18:56:08,41.3712,-73.414,39.02,60,31,13.0
41,Alofi,NU,2022-12-19 19:00:47,-19.0595,-169.9187,79.41,77,8,8.32
42,Torbay,CA,2022-12-19 19:00:47,47.6666,-52.7314,37.58,96,100,14.0
43,Adrano,IT,2022-12-19 19:00:48,37.6618,14.8348,50.7,91,0,3.13
44,Busselton,AU,2022-12-19 19:00:48,-33.65,115.3333,66.88,55,0,9.22
45,Darhan,MN,2022-12-19 19:00:49,49.4867,105.9228,1.09,98,100,3.98
46,Srednekolymsk,RU,2022-12-19 19:00:49,67.45,153.6833,-6.72,99,99,2.04
47,Imeni Babushkina,RU,2022-12-19 19:01:49,59.7573,43.1285,4.26,98,100,3.69
48,East London,ZA,2022-12-19 19:01:50,-33.0153,27.9116,68.54,78,99,10.38
49,Ushuaia,AR,2022-12-19 19:01:50,-54.8,-68.3,58.33,57,93,6.58
50,Iracoubo,GF,2022-12-19 19:01:50,5.4802,-53.2011,74.37,95,100,7.4
51,Destin,US,2022-12-19 18:59:00,30.3935,-86.4958,58.64,41,0,8.01
52,College,US,2022-12-19 19:01:51,64.8569,-147.8028,-23.42,74,13,2.75
53,Airai,TL,2022-12-19 19:01:51,-8.9266,125.4092,60.73,93,100,1.41
54,Pisco,PE,2022-12-19 19:01:51,-13.7,-76.2167,73.02,82,94,8.95
55,Vostok,RU,2022-12-19 19:01:52,46.4856,135.8833,-17.09,98,100,4.47
56,Pemangkat,ID,2022-12-19 19:01:52,1.1667,108.9667,76.71,89,86,5.66
57,Mataura,NZ,2022-12-19 19:01:52,-46.1927,168.8643,49.48,91,100,2.21
58,Faanui,PF,2022-12-19 19:01:53,-16.4833,-151.75,79.25,76,100,10.74
59,Butaritari,KI,2022-12-19 19:01:53,3.0707,172.7902,81.1,79,49,17.09
60,Cuencame,MX,2022-12-19 19:01:54,24.8711,-103.6964,71.62,14,0,8.97
61,Saskylakh,RU,2022-12-19 19:01:54,71.9167,114.0833,-5.89,98,100,9.26
62,Hermanus,ZA,2022-12-19 19:01:54,-34.4187,19.2345,61.81,73,100,5.53
63,Wonthaggi,AU,2022-12-19 19:01:54,-38.6044,145.5913,52.83,80,0,15.19
64,Ponta Do Sol,PT,2022-12-19 19:01:55,32.6667,-17.1,72.01,94,100,10.56
65,Atambua,ID,2022-12-19 19:01:55,-9.1061,124.8925,73.94,84,98,3.62
66,Kobryn,BY,2022-12-19 19:01:55,52.2138,24.3564,17.71,78,77,10.85
67,Saint-Philippe,RE,2022-12-19 19:01:56,-21.3585,55.7679,78.39,79,55,13.49
68,Lensk,RU,2022-12-19 19:01:56,60.7253,114.9278,-4.97,96,100,7.05
69,Punta Arenas,CL,2022-12-19 19:01:56,-53.15,-70.9167,62.11,36,97,18.37
70,Bambous Virieux,MU,2022-12-19 19:01:57,-20.3428,57.7575,78.22,83,40,1.14
71,Hobart,AU,2022-12-19 18:57:13,-42.8794,147.3294,52.05,87,40,0.0
72,Cockburn Town,TC,2022-12-19 19:01:57,21.4612,-71.1419,79.23,71,73,8.37
73,Bauta,CU,2022-12-19 19:01:57,22.9828,-82.5464,75.09,88,75,6.91
74,Atuona,PF,2022-12-19 19:01:58,-9.8,-139.0333,78.33,78,100,17.87
75,Petropavlovsk-Kamchatskiy,RU,2022-12-19 19:01:58,53.0452,158.6483,21.79,68,75,15.66
76,Esperance,AU,2022-12-19 19:01:58,-33.8667,121.9,57.92,89,23,6.26
77,Shache,CN,2022-12-19 19:01:59,38.4167,77.2406,21.11,50,41,2.48
78,Oriximina,BR,2022-12-19 19:01:59,-1.7656,-55.8661,88.59,52,84,2.57
79,Arraial Do Cabo,BR,2022-12-19 19:01:59,-22.9661,-42.0278,73.56,83,100,16.82
80,Krasnyy Chikoy,RU,2022-12-19 19:02:00,50.3643,108.7512,-8.64,99,89,3.0
81,Bengkulu,ID,2022-12-19 19:02:00,-3.8004,102.2655,75.97,87,100,4.65
82,Sur,OM,2022-12-19 19:02:00,22.5667,59.5289,74.53,56,1,3.58
83,Wamba,NG,2022-12-19 19:02:01,8.9333,8.6,74.89,17,26,2.1
84,New Plymouth,NZ,2022-12-19 19:00:57,-39.0667,174.0833,64.56,100,87,6.73
85,Wahiawa,US,2022-12-19 19:02:01,21.5028,-158.0236,68.32,71,100,17.27
86,Ust-Kan,RU,2022-12-19 19:02:02,50.9276,84.761,16.88,93,100,5.21
87,Sainte-Anne-Des-Monts,CA,2022-12-19 18:58:33,49.124,-66.4924,33.67,93,100,23.02
88,Jiexiu,CN,2022-12-19 19:02:03,37.0244,111.9125,33.37,28,100,6.91
89,Ouegoa,NC,2022-12-19 19:02:04,-20.35,164.4333,77.38,84,37,4.81
90,Puerto Ayora,EC,2022-12-19 19:02:04,-0.7393,-90.3518,75.54,86,63,7.0
91,Bredasdorp,ZA,2022-12-19 19:02:04,-34.5322,20.0403,63.99,68,14,6.64
92,Smithers,CA,2022-12-19 19:00:39,54.7804,-127.1743,-6.68,80,10,2.64
93,Areka,ET,2022-12-19 19:02:05,7.0667,37.7,67.42,48,99,5.19
94,Ribeira Grande,PT,2022-12-19 19:03:06,38.5167,-28.7,64.8,88,40,21.99
95,Hamilton,US,2022-12-19 19:00:01,39.1834,-84.5333,33.58,61,100,1.99
96,Yellowknife,CA,2022-12-19 19:03:06,62.456,-114.3525,-9.29,97,100,8.19
97,Sunrise Manor,US,2022-12-19 19:03:07,36.2111,-115.0731,54.25,32,0,5.75
98,Vao,NC,2022-12-19 19:03:08,-22.6667,167.4833,76.41,81,100,14.81
99,Sitka,US,2022-12-19 19:03:09,57.0531,-135.33,13.15,74,4,6.62
100,Baruun-Urt,MN,2022-12-19 19:01:14,46.6806,113.2792,-4.49,89,100,3.47
101,Ancud,CL,2022-12-19 19:03:09,-41.8697,-73.8203,60.82,60,100,7.96
102,Vardo,NO,2022-12-19 19:03:10,70.3705,31.1107,24.78,80,75,13.8
103,Praia,CV,2022-12-19 19:03:10,14.9215,-23.5087,77.54,61,0,18.41
104,Denpasar,ID,2022-12-19 19:03:11,-8.65,115.2167,78.46,83,20,4.61
105,Kondagaon,IN,2022-12-19 19:03:11,19.6,81.6667,56.7,38,94,1.54
106,Qaanaaq,GL,2022-12-19 19:03:12,77.484,-69.3632,5.67,93,94,3.56
107,Ixtapa,MX,2022-12-19 19:00:27,20.7,-105.2,84.07,41,0,6.17
108,Avarua,CK,2022-12-19 19:03:13,-21.2078,-159.775,78.85,78,40,9.22
109,Todos Santos,MX,2022-12-19 19:03:14,23.45,-110.2167,79.05,64,7,6.51
110,Necochea,AR,2022-12-19 19:03:15,-38.5473,-58.7368,80.49,39,72,21.27
111,Manadhoo,MV,2022-12-19 19:03:15,5.7667,73.3833,81.03,75,97,8.16
112,Taoudenni,ML,2022-12-19 19:00:07,22.6783,-3.9836,71.53,19,0,10.78
113,Westport,US,2022-12-19 19:01:01,41.1415,-73.3579,40.28,55,24,10.0
114,Poum,NC,2022-12-19 18:58:47,-20.2333,164.0167,78.44,82,25,16.55
115,Victoria,HK,2022-12-19 19:03:17,22.2855,114.1577,61.25,80,67,13.0
116,Sorbhog,IN,2022-12-19 19:03:17,26.5,90.8667,61.86,64,67,2.75
117,Concordia,AR,2022-12-19 19:00:06,-31.393,-58.0209,90.79,40,0,11.01
118,Aklavik,CA,2022-12-19 19:03:19,68.2191,-135.0107,-25.56,94,18,7.83
119,Bathsheba,BB,2022-12-19 19:03:19,13.2167,-59.5167,80.06,87,29,19.15
120,Provideniya,RU,2022-12-19 19:03:20,64.3833,-173.3,20.12,84,86,16.58
121,Fort Frances,CA,2022-12-19 19:03:21,48.5999,-93.4003,4.15,84,100,3.0
122,Buraydah,SA,2022-12-19 19:02:59,26.326,43.975,60.53,36,0,7.14
123,Cabo San Lucas,MX,2022-12-19 19:03:22,22.8909,-109.9124,77.5,60,20,9.22
124,Pathein,MM,2022-12-19 19:03:22,16.7833,94.7333,71.13,90,100,2.51
125,Fairview,US,2022-12-19 19:01:30,40.8126,-73.999,39.7,52,0,20.71
126,Mar Del Plata,AR,2022-12-19 19:03:23,-38.0023,-57.5575,83.82,84,9,21.99
127,Kungurtug,RU,2022-12-19 19:03:23,50.5994,97.5228,-11.13,95,100,1.83
128,Shakawe,BW,2022-12-19 19:03:23,-18.3667,21.85,83.3,36,85,8.21
129,Nanortalik,GL,2022-12-19 19:03:24,60.1432,-45.2371,18.34,66,5,6.93
130,Karla,EE,2022-12-19 19:03:24,59.3723,24.9275,28.56,82,40,9.22
131,Belomorsk,RU,2022-12-19 19:03:25,64.5232,34.7668,14.79,96,78,5.66
132,Yulara,AU,2022-12-19 19:03:26,-25.2406,130.9889,78.91,35,97,3.49
133,Khor,RU,2022-12-19 19:03:26,47.8861,134.9464,-10.17,92,16,7.43
134,Castro,BR,2022-12-19 19:03:26,-24.7911,-50.0119,66.2,83,100,6.93
135,Hilo,US,2022-12-19 19:00:08,19.7297,-155.09,76.24,92,100,5.99
136,Upernavik,GL,2022-12-19 19:03:27,72.7868,-56.1549,26.02,68,100,8.23
137,Emporia,US,2022-12-19 19:03:27,38.4039,-96.1817,39.51,77,91,13.76
138,Great Falls,US,2022-12-19 18:59:26,47.5002,-111.3008,-4.34,70,40,5.75
139,Bara,NG,2022-12-19 19:04:28,10.3744,10.7288,73.06,19,4,8.34
140,Kamaishi,JP,2022-12-19 19:04:28,39.2667,141.8833,28.81,80,31,6.62
141,Lorengau,PG,2022-12-19 19:01:22,-2.0226,147.2712,79.27,81,100,4.03
142,Rundu,NA,2022-12-19 19:04:29,-17.9333,19.7667,83.55,21,98,5.35
143,Kouroussa,GN,2022-12-19 19:04:29,10.65,-9.8833,80.51,19,90,4.16
144,Grand Gaube,MU,2022-12-19 19:04:30,-20.0064,57.6608,78.39,69,83,5.99
145,Bayangol,RU,2022-12-19 19:04:30,50.6977,103.4656,-12.01,100,96,2.75
146,Harper,LR,2022-12-19 19:04:31,4.375,-7.7169,79.66,79,15,6.73
147,Comodoro Rivadavia,AR,2022-12-19 19:04:31,-45.8667,-67.5,69.66,43,0,20.71
148,Vaini,TO,2022-12-19 19:04:31,-21.2,-175.2,80.76,83,40,9.22
149,Khandyga,RU,2022-12-19 19:04:32,62.6667,135.6,-43.46,100,87,1.59
150,Phek,IN,2022-12-19 19:04:32,25.6667,94.5,44.28,85,69,1.81
151,Miles City,US,2022-12-19 19:04:32,46.4083,-105.8406,0.57,78,100,9.22
152,Lompoc,US,2022-12-19 19:01:07,34.6391,-120.4579,59.85,64,51,3.0
153,Nuuk,GL,2022-12-19 19:04:33,64.1835,-51.7216,32.61,34,0,11.5
154,Santa Vitoria,BR,2022-12-19 19:04:33,-18.8386,-50.1214,83.1,63,99,4.32
155,Adrar,MR,2022-12-19 19:04:34,20.5022,-10.0711,72.66,17,0,12.03
156,Cubara,CO,2022-12-19 19:04:34,7.0008,-72.1085,88.03,43,98,4.79
157,Santa Ines,BR,2022-12-19 19:01:53,-3.6667,-45.38,83.52,72,99,3.49
158,Dikson,RU,2022-12-19 19:04:34,73.5069,80.5464,-18.53,97,71,1.14
159,Nara,JP,2022-12-19 19:02:01,34.6851,135.8049,31.91,64,9,5.08
160,Show Low,US,2022-12-19 19:01:02,34.2542,-110.0298,47.08,44,0,4.61
161,Severo-Kurilsk,RU,2022-12-19 19:04:35,50.6789,156.125,29.23,84,93,30.94
162,Biking,PH,2022-12-19 19:04:36,9.5938,123.843,78.33,82,100,8.48
163,Cherskiy,RU,2022-12-19 19:04:36,68.75,161.3,20.39,72,18,6.8
164,Sao Filipe,CV,2022-12-19 19:04:36,14.8961,-24.4956,78.75,57,30,11.92
165,Kinshasa,CD,2022-12-19 19:00:02,-4.3246,15.3215,71.96,92,100,0.96
166,Pevek,RU,2022-12-19 19:04:37,69.7008,170.3133,18.48,61,1,9.04
167,Kaihua,CN,2022-12-19 19:04:37,23.3687,104.28,40.41,88,33,5.41
168,Rabo De Peixe,PT,2022-12-19 19:04:37,37.8,-25.5833,64.27,98,40,14.97
169,New Norfolk,AU,2022-12-19 19:04:38,-42.7826,147.0587,51.71,76,4,1.01
170,San Policarpo,PH,2022-12-19 19:04:38,12.1791,125.5072,77.4,89,100,16.24
171,Uruzgan,AF,2022-12-19 19:04:39,32.8333,66.0,38.86,58,0,1.72
172,Ostrovnoy,RU,2022-12-19 19:04:39,68.0531,39.5131,16.54,92,98,12.73
173,Narsaq,GL,2022-12-19 19:04:39,60.9167,-46.05,8.82,65,7,7.96
174,Auki,SB,2022-12-19 19:03:00,-8.7676,160.7034,76.73,87,99,3.58
175,Souillac,MU,2022-12-19 19:04:40,-20.5167,57.5167,75.58,83,40,1.14
176,Hami,CN,2022-12-19 19:04:40,42.8,93.45,20.23,48,15,2.28
177,Mandera,KE,2022-12-19 19:04:40,3.9366,41.867,82.76,24,13,7.74
178,Sretensk,RU,2022-12-19 19:04:41,52.2453,117.7093,-12.93,99,100,0.74
179,Aleppo,SY,2022-12-19 19:04:41,36.25,37.5,52.93,47,6,3.51
180,Los Llanos De Aridane,ES,2022-12-19 19:04:41,28.6585,-17.9182,65.95,78,20,3.44
181,Port Lincoln,AU,2022-12-19 19:04:42,-34.7333,135.8667,64.63,71,84,1.41
182,Ferrol,ES,2022-12-19 19:04:42,43.4832,-8.2369,60.71,93,100,12.53
183,Mount Isa,AU,2022-12-19 19:01:09,-20.7333,139.5,73.17,83,100,4.61
184,Dingle,PH,2022-12-19 19:04:43,10.9995,122.6711,74.48,93,100,8.03
185,Solnechnyy,RU,2022-12-19 19:04:43,50.7214,136.6319,-15.47,95,34,4.07
186,Bowen,AU,2022-12-19 19:05:43,-20.0167,148.2333,77.27,62,31,17.29
187,Tasiilaq,GL,2022-12-19 19:05:44,65.6145,-37.6368,12.36,56,0,5.06
188,Kirakira,SB,2022-12-19 19:05:44,-10.4544,161.9205,79.5,84,27,5.79
189,Anloga,GH,2022-12-19 19:05:44,5.7947,0.8973,81.52,78,72,11.81
190,Coihaique,CL,2022-12-19 19:05:45,-45.5752,-72.0662,72.21,32,75,5.75
191,Ravar,IR,2022-12-19 19:05:45,31.2656,56.8055,45.34,55,6,2.42
192,Komsomolskiy,UZ,2022-12-19 19:05:45,40.4272,71.7189,29.12,86,100,4.61
193,Birnin Kebbi,NG,2022-12-19 19:05:46,12.4539,4.1975,76.12,15,4,9.98
194,Hofn,IS,2022-12-19 19:05:46,64.2539,-15.2082,30.22,80,100,21.85
195,Samarai,PG,2022-12-19 19:05:46,-10.6167,150.6667,81.61,80,79,9.26
196,Nome,US,2022-12-19 19:05:47,64.5011,-165.4064,15.87,45,0,13.8
197,Sabang,ID,2022-12-19 19:05:47,5.8933,95.3214,79.16,83,97,13.02
198,Petrovsk,RU,2022-12-19 19:05:47,52.3064,45.3917,20.35,87,98,9.19
199,Caravelas,BR,2022-12-19 19:05:48,-17.7125,-39.2481,79.95,73,100,8.99
200,Tulum,MX,2022-12-19 19:05:48,20.2167,-87.4667,83.25,54,7,8.52
201,Belaya Gora,RU,2022-12-19 19:05:48,68.5333,146.4167,-9.45,98,100,2.93
202,Tuktoyaktuk,CA,2022-12-19 19:05:49,69.4541,-133.0374,-22.77,99,97,7.07
203,Sirur,IN,2022-12-19 19:05:49,18.8333,74.3833,69.21,31,7,4.9
204,Hobyo,SO,2022-12-19 19:05:49,5.3505,48.5268,79.09,78,9,18.99
205,Nemuro,JP,2022-12-19 19:05:50,43.3236,145.575,22.89,70,9,14.45
206,Meulaboh,ID,2022-12-19 19:05:50,4.1363,96.1285,75.72,91,100,3.67
207,Piracuruca,BR,2022-12-19 19:05:50,-3.9281,-41.7092,98.51,27,98,6.04
208,Shambu,ET,2022-12-19 19:05:51,9.5667,37.1,54.03,71,99,2.68
209,San Quintin,MX,2022-12-19 19:05:51,30.4833,-115.95,63.77,47,0,4.74
210,Clyde River,CA,2022-12-19 19:05:51,70.4692,-68.5914,6.19,93,100,11.9
211,Qadirpur Ran,PK,2022-12-19 19:05:51,30.2924,71.6712,57.09,27,3,3.02
212,Porto Murtinho,BR,2022-12-19 19:05:52,-21.6989,-57.8825,88.88,48,97,3.85
213,Umm Lajj,SA,2022-12-19 19:05:52,25.0213,37.2685,77.36,51,1,3.67
214,Rawson,AR,2022-12-19 19:05:53,-43.3002,-65.1023,71.28,41,100,21.65
215,Terrasini,IT,2022-12-19 19:05:53,38.146,13.0844,59.22,80,0,9.22
216,Boyolangu,ID,2022-12-19 19:05:53,-8.1181,111.8935,74.7,89,27,1.14
217,Winneba,GH,2022-12-19 19:05:53,5.3511,-0.6231,79.88,82,60,8.43
218,Tel Aviv-Yafo,IL,2022-12-19 19:05:54,32.0805,34.7805,63.1,62,0,2.3
219,Tselinnoye,RU,2022-12-19 19:05:54,53.0833,85.6667,21.47,95,100,14.7
220,Oktyabrskoye,RU,2022-12-19 19:05:55,43.0645,44.7417,28.54,93,100,8.95
221,Kruisfontein,ZA,2022-12-19 19:05:55,-34.0033,24.7314,65.88,74,99,16.35
222,Chapleau,CA,2022-12-19 19:05:55,47.8405,-83.4034,14.2,84,100,5.1
223,Manzhouli,CN,2022-12-19 19:05:55,49.6,117.4333,-9.81,99,99,3.51
224,Kayes,ML,2022-12-19 19:05:56,14.0,-11.0,85.98,11,100,6.87
225,Moyale,KE,2022-12-19 19:05:56,3.5167,39.0584,71.35,25,10,10.83
226,Pangnirtung,CA,2022-12-19 19:05:56,66.1451,-65.7125,17.6,93,100,3.44
227,Viransehir,TR,2022-12-19 19:05:57,37.2353,39.7631,50.05,49,7,4.29
228,Mindelo,CV,2022-12-19 19:05:57,16.8901,-24.9804,76.55,65,20,18.41
229,Muros,ES,2022-12-19 19:05:57,42.7762,-9.0603,60.67,95,100,25.05
230,Nikolskoye,RU,2022-12-19 19:05:58,59.7035,30.7861,31.91,97,100,6.73
231,Watsa,CD,2022-12-19 19:06:58,3.0372,29.5355,67.86,66,18,1.99
232,Tabou,CI,2022-12-19 19:06:58,4.423,-7.3528,80.28,77,11,7.43
233,Ilulissat,GL,2022-12-19 19:06:59,69.2167,-51.1,23.02,39,40,13.8
234,Geraldton,AU,2022-12-19 19:06:59,-28.7667,114.6,73.81,53,100,5.75
235,Tura,IN,2022-12-19 19:06:59,25.5198,90.2201,60.37,81,52,2.19
236,Lagoa,PT,2022-12-19 19:07:00,39.05,-27.9833,60.96,81,0,28.5
237,Mackay,AU,2022-12-19 19:07:00,-21.15,149.2,74.68,60,100,18.99
238,Eyl,SO,2022-12-19 19:02:21,7.9803,49.8164,78.85,61,71,23.35
239,Murchison,NZ,2022-12-19 19:07:00,-41.8,172.3333,57.38,95,84,2.15
240,Ponta Delgada,PT,2022-12-19 19:07:01,37.7333,-25.6667,65.5,88,40,14.97
241,Idrinskoye,RU,2022-12-19 19:07:01,54.3708,92.1358,4.66,97,100,2.59
242,Chongwe,ZM,2022-12-19 19:07:02,-15.3292,28.682,68.54,82,96,4.0
243,Fort Nelson,CA,2022-12-19 19:07:02,58.8053,-122.7002,-22.99,93,30,0.94
244,Pacific Grove,US,2022-12-19 19:07:03,36.6177,-121.9166,55.38,78,0,1.99
245,Dakar,SN,2022-12-19 19:07:03,14.6937,-17.4441,86.88,67,0,17.98
246,Canto Do Buriti,BR,2022-12-19 19:07:04,-8.11,-42.9444,95.58,27,56,4.94
247,Severnyy-Kospashskiy,RU,2022-12-19 19:07:05,59.0925,57.8008,5.61,80,100,11.7
248,Sao Joao Da Barra,BR,2022-12-19 19:07:05,-21.6403,-41.0511,73.49,90,100,18.12
249,Duluth,US,2022-12-19 19:03:46,46.7833,-92.1066,11.55,79,75,8.05
250,Bull Savanna,JM,2022-12-19 19:07:06,17.8868,-77.5902,81.48,60,13,11.72
251,Naze,JP,2022-12-19 19:07:06,28.3667,129.4833,55.06,73,40,8.75
252,Santo Antonio Do Ica,BR,2022-12-19 19:07:07,-3.1022,-67.9397,82.6,81,100,0.78
253,Alice Springs,AU,2022-12-19 19:03:35,-23.7,133.8833,72.95,73,100,9.22
254,Roma,US,2022-12-19 19:03:47,43.2128,-75.4557,33.39,80,100,5.01
255,Westerland,DE,2022-12-19 19:07:08,54.9079,8.3033,44.62,100,100,17.27
256,Sakakah,SA,2022-12-19 19:07:08,29.9697,40.2064,55.11,43,0,8.05
257,Norman Wells,CA,2022-12-19 19:07:09,65.282,-126.8329,-25.6,99,99,1.66
258,Kawalu,ID,2022-12-19 19:07:09,-7.3817,108.2082,73.29,96,50,1.03
259,Iqaluit,CA,2022-12-19 19:07:10,63.7506,-68.5145,13.42,96,100,5.19
260,Calama,CL,2022-12-19 19:07:10,-22.4667,-68.9333,74.14,23,0,21.97
261,Anadyr,RU,2022-12-19 19:07:11,64.75,177.4833,28.0,92,100,32.99
262,Derzhavinsk,KZ,2022-12-19 19:07:11,51.1,66.3167,21.29,73,100,19.77
263,Otane,NZ,2022-12-19 19:07:12,-39.8833,176.6333,63.01,94,95,1.83
264,Kuala Sungai Baru,MY,2022-12-19 19:07:12,2.3594,102.0353,78.33,90,58,6.62
265,Malanje,AO,2022-12-19 19:07:13,-9.5402,16.341,66.69,69,100,1.59
266,Port Elizabeth,ZA,2022-12-19 19:05:38,-33.918,25.5701,68.09,87,59,7.0
267,Carlos Antonio Lopez,PY,2022-12-19 19:07:14,-26.4,-54.7667,90.1,34,25,2.15
268,Hovd,MN,2022-12-19 19:07:15,48.0056,91.6419,0.88,86,100,2.86
269,Chokurdakh,RU,2022-12-19 19:07:15,70.6333,147.9167,-7.89,100,98,2.77
270,Otaki,NZ,2022-12-19 19:07:17,-40.7583,175.15,63.95,86,100,1.99
271,Kilindoni,TZ,2022-12-19 19:07:17,-7.9139,39.6668,82.04,75,100,17.02
272,Jacmel,HT,2022-12-19 19:07:18,18.2342,-72.5347,91.24,58,23,7.47
273,Broome,US,2022-12-19 19:07:18,42.2506,-75.833,32.09,76,100,11.5
274,Thompson,CA,2022-12-19 19:07:20,55.7435,-97.8558,-5.15,83,100,8.41
275,Sao Domingos Do Maranhao,BR,2022-12-19 19:07:20,-5.5758,-44.3853,85.23,64,90,1.99
276,Sabzevar,IR,2022-12-19 19:07:19,36.2126,57.6819,42.94,59,0,1.61
277,Kajaani,FI,2022-12-19 19:08:21,64.2273,27.7285,23.05,86,75,6.91
278,Valparaiso,CL,2022-12-19 19:08:22,-33.0393,-71.6273,73.63,60,0,12.66
279,Leningradskiy,RU,2022-12-19 19:08:22,69.3833,178.4167,6.3,85,10,8.93
280,Wajima,JP,2022-12-19 19:08:23,37.4,136.9,38.23,72,97,10.49
281,Kagadi,UG,2022-12-19 19:08:24,0.9606,30.7967,64.87,76,94,1.61
282,Baykit,RU,2022-12-19 19:08:24,61.67,96.37,-26.93,100,86,3.18
283,Padang,ID,2022-12-19 19:07:36,-0.9492,100.3543,76.78,85,58,4.09
284,Tiksi,RU,2022-12-19 19:08:25,71.6872,128.8694,-14.15,99,57,5.59
285,Dhidhdhoo,MV,2022-12-19 19:08:26,6.8833,73.1,81.66,74,100,8.37
286,Khorinsk,RU,2022-12-19 19:08:26,52.1657,109.7726,-2.61,96,55,5.75
287,Aswan,EG,2022-12-19 19:08:27,24.0934,32.907,73.63,31,0,11.79
288,Tonk,IN,2022-12-19 19:08:28,26.1667,75.7833,57.92,38,33,2.95
289,Kathor,IN,2022-12-19 19:08:29,21.3,72.9333,74.05,31,32,6.67
290,Pangoa,PE,2022-12-19 19:08:30,-12.1167,-73.0,77.52,77,91,3.06
291,Isangel,VU,2022-12-19 19:08:31,-19.55,169.2667,79.09,79,2,0.63
292,Sayyan,YE,2022-12-19 19:08:31,15.1718,44.3244,46.45,59,7,4.56
293,Nosy Varika,MG,2022-12-19 19:08:32,-20.5833,48.5333,77.23,88,98,10.54
294,Khorramshahr,IR,2022-12-19 19:08:32,30.4397,48.1664,60.76,67,0,4.61
295,Papar,MY,2022-12-19 19:08:32,5.7333,115.9333,77.0,89,94,4.07
296,Bozhou,CN,2022-12-19 19:08:33,33.8772,115.7703,36.14,41,96,3.15
297,Lafia,NG,2022-12-19 19:08:33,8.4833,8.5167,81.27,16,11,4.63
298,Nantucket,US,2022-12-19 19:08:33,41.2835,-70.0995,44.71,53,0,19.57
299,Salalah,OM,2022-12-19 19:08:34,17.0151,54.0924,78.89,34,20,11.5
300,Kabompo,ZM,2022-12-19 19:08:34,-13.5927,24.2008,65.25,94,100,4.47
301,Novoagansk,RU,2022-12-19 19:08:34,61.9449,76.6625,-0.58,96,100,10.67
302,Ramon Castilla,PE,2022-12-19 19:08:34,-4.2569,-69.9594,89.85,55,40,5.75
303,Kurilsk,RU,2022-12-19 19:08:35,45.2333,147.8833,23.07,60,100,23.06
304,Kodiak,US,2022-12-19 19:08:35,57.79,-152.4072,27.91,74,0,12.66
305,San Matias,BO,2022-12-19 19:08:35,-16.3667,-58.4,83.44,73,54,5.19
306,Mandan,US,2022-12-19 19:08:07,46.8267,-100.8896,1.96,74,100,6.91
307,Yar-Sale,RU,2022-12-19 19:08:36,66.8333,70.8333,-0.58,100,100,8.41
308,Sorong,ID,2022-12-19 19:08:36,-0.8833,131.25,79.11,85,100,5.7
309,Yumen,CN,2022-12-19 19:08:36,40.2833,97.2,18.21,64,44,26.98
310,Tieling,CN,2022-12-19 19:08:37,42.2931,123.8414,11.84,53,1,5.91
311,Mount Gambier,AU,2022-12-19 19:08:37,-37.8333,140.7667,53.24,61,90,6.64
312,Mabaruma,GY,2022-12-19 19:08:37,8.2,-59.7833,78.19,87,100,5.46
313,Natal,BR,2022-12-19 19:08:31,-5.795,-35.2094,84.85,61,40,16.11
314,Linhares,BR,2022-12-19 19:08:38,-19.3911,-40.0722,72.48,99,100,2.59
315,Woodward,US,2022-12-19 19:08:38,36.4337,-99.3904,50.97,49,0,10.36
316,Valdosta,US,2022-12-19 19:08:39,30.8327,-83.2785,62.91,45,0,5.75
317,Padilla,CO,2022-12-19 19:08:39,3.2204,-76.3139,85.57,59,47,2.24
318,Turukhansk,RU,2022-12-19 19:08:39,65.8167,87.9833,-18.04,99,100,6.26
319,Santa Rosa,PH,2022-12-19 19:08:39,14.3122,121.1114,79.11,96,100,9.28
320,Dabat,ET,2022-12-19 19:08:40,12.9842,37.765,55.94,40,58,1.1
321,Sarakhs,IR,2022-12-19 19:09:40,36.5449,61.1577,42.53,50,0,3.44
322,Terrace,CA,2022-12-19 19:09:41,54.5163,-128.6035,4.1,66,0,3.2
323,Pauini,BR,2022-12-19 19:09:41,-7.7136,-66.9764,81.27,84,100,0.51
324,Itarema,BR,2022-12-19 19:09:41,-2.9248,-39.9167,83.89,58,67,16.8
325,Tautira,PF,2022-12-19 19:09:42,-17.7333,-149.15,78.66,77,97,9.73
326,Okha,RU,2022-12-19 19:09:42,53.5739,142.9478,-5.39,88,100,24.43
327,Isabela,PH,2022-12-19 19:09:42,6.7085,121.9711,78.75,82,100,0.6
328,La Sarre,CA,2022-12-19 19:09:42,48.8002,-79.1996,20.82,88,100,7.65
329,Vila Franca Do Campo,PT,2022-12-19 19:09:43,37.7167,-25.4333,65.19,89,52,16.28
330,Farcasu,RO,2022-12-19 19:09:43,44.6,23.75,28.56,80,31,5.5
331,Viedma,AR,2022-12-19 19:09:43,-40.8135,-62.9967,88.48,24,82,26.28
332,Mudon,MM,2022-12-19 19:09:44,16.2578,97.7164,67.64,78,97,5.55
333,Dunedin,NZ,2022-12-19 19:05:45,-45.8742,170.5036,51.8,87,99,3.0
334,Puerto Colombia,CO,2022-12-19 19:09:44,10.9878,-74.9547,87.89,73,6,16.37
335,Kijang,KR,2022-12-19 19:09:44,35.2442,129.2139,33.53,53,0,6.82
336,Jardim,BR,2022-12-19 19:06:41,-21.4803,-56.1381,83.61,65,99,5.01
337,Kankaanpaa,FI,2022-12-19 19:09:45,61.8,22.4167,29.16,97,100,5.84
338,Vila Velha,BR,2022-12-19 19:09:45,-20.3297,-40.2925,73.35,98,100,4.61
339,Morgan City,US,2022-12-19 19:09:46,29.6994,-91.2068,54.0,71,100,16.11
340,Saldanha,ZA,2022-12-19 19:09:46,-33.0117,17.9442,63.64,76,100,17.63
341,Barcelos,PT,2022-12-19 19:08:56,41.5388,-8.6151,59.68,91,100,17.78
342,Shanghai,CN,2022-12-19 19:05:35,31.2222,121.4581,42.93,61,0,5.01
343,Juba,SS,2022-12-19 19:09:47,4.8517,31.5825,83.3,35,12,4.52
344,Rio Gallegos,AR,2022-12-19 19:09:47,-51.6226,-69.2181,63.57,37,1,16.51
345,Zhigansk,RU,2022-12-19 19:09:47,66.7697,123.3711,-26.18,92,97,15.61
346,Rocha,UY,2022-12-19 19:09:48,-34.4833,-54.3333,77.22,48,74,15.64
347,Namibe,AO,2022-12-19 19:09:48,-15.1961,12.1522,69.94,82,33,8.3
348,Villavicencio,CO,2022-12-19 19:09:48,4.142,-73.6266,83.82,54,42,4.72
349,Kupang,ID,2022-12-19 19:09:49,-10.1667,123.5833,79.27,78,99,7.58
350,Bourail,NC,2022-12-19 19:09:49,-21.5667,165.4833,75.04,88,90,5.95
351,Monte Azul,BR,2022-12-19 19:09:49,-15.155,-42.8747,80.11,74,100,4.5
352,Japura,ID,2022-12-19 19:09:50,-0.3167,102.35,72.93,99,75,1.57
353,Jimma,ET,2022-12-19 19:09:50,7.6667,36.8333,60.94,78,100,1.25
354,Sydney,AU,2022-12-19 19:06:38,-33.8679,151.2073,57.34,73,75,13.8
355,Buritizeiro,BR,2022-12-19 19:09:50,-17.3511,-44.9622,77.83,85,100,5.46
356,North Myrtle Beach,US,2022-12-19 19:09:51,33.816,-78.68,52.11,42,0,5.75
357,Kalmunai,LK,2022-12-19 19:09:51,7.4167,81.8167,74.34,92,100,8.08
358,Amapa,BR,2022-12-19 19:09:51,1.0,-52.0,83.57,61,100,1.01
359,Muzhi,RU,2022-12-19 19:09:52,65.3667,64.6667,6.3,93,100,15.79
360,Prince Rupert,CA,2022-12-19 19:09:13,54.3161,-130.3201,10.53,51,2,7.65
361,Travesia,HN,2022-12-19 19:09:52,15.8667,-87.9,88.14,63,9,10.36
362,Kuusankoski,FI,2022-12-19 19:10:52,60.907,26.6244,28.92,99,100,4.61
363,Ust-Tarka,RU,2022-12-19 19:10:53,55.5672,75.705,30.0,97,100,13.91
364,Zwedru,LR,2022-12-19 19:10:53,6.0667,-8.1281,80.02,63,72,4.56
365,Saint-Francois,FR,2022-12-19 19:10:53,46.4154,3.9054,54.84,67,0,10.36
366,Tsiroanomandidy,MG,2022-12-19 19:10:54,-18.7667,46.0333,69.84,90,40,1.34
367,Nacajuca,MX,2022-12-19 19:10:54,18.1333,-93.0167,85.01,66,52,6.17
368,Norrtalje,SE,2022-12-19 19:10:54,59.758,18.705,38.01,87,100,8.19
369,Sturgis,US,2022-12-19 19:10:55,41.7992,-85.4192,27.07,95,100,0.0
370,Manokwari,ID,2022-12-19 19:10:55,-0.8667,134.0833,78.24,81,100,2.39
371,Galle,LK,2022-12-19 19:09:46,6.0367,80.217,76.14,87,100,1.48
372,Aleksandrov Gay,RU,2022-12-19 19:10:56,50.147,48.5704,25.7,76,9,10.96
373,Sorland,NO,2022-12-19 19:10:56,67.667,12.6934,37.26,61,100,22.19
374,Trelew,AR,2022-12-19 19:07:17,-43.249,-65.3051,78.76,27,100,22.53
375,Shimoda,JP,2022-12-19 19:10:56,34.6667,138.95,36.1,70,5,16.64
376,Vestmannaeyjar,IS,2022-12-19 19:10:57,63.4427,-20.2734,34.54,49,100,21.45
377,Laguna,US,2022-12-19 19:10:57,38.421,-121.4238,45.05,87,100,3.44
378,Cayenne,GF,2022-12-19 19:10:57,4.9333,-52.3333,78.84,89,100,8.05
379,Touros,BR,2022-12-19 19:09:51,-5.1989,-35.4608,82.15,65,0,13.29
380,Lannion,FR,2022-12-19 19:10:58,48.75,-3.4167,58.98,87,100,20.71
381,Diego De Almagro,CL,2022-12-19 19:10:58,-26.3667,-70.05,84.33,17,0,18.39
382,Burnie,AU,2022-12-19 19:10:58,-41.0667,145.9167,55.94,84,100,4.97
383,Dharchula,IN,2022-12-19 19:10:58,29.85,80.5333,50.45,22,6,7.2
384,Lavrentiya,RU,2022-12-19 19:10:59,65.5833,-171.0,15.15,78,79,5.84
385,Buriti Dos Lopes,BR,2022-12-19 19:10:59,-3.175,-41.8669,87.55,53,94,12.73
386,Severobaykalsk,RU,2022-12-19 19:10:59,55.65,109.3167,-0.26,76,100,7.05
387,Selenginsk,RU,2022-12-19 19:11:00,52.0064,106.8647,8.38,81,100,6.89
388,Hay River,CA,2022-12-19 19:11:00,60.8156,-115.7999,-18.83,93,80,5.3
389,Half Moon Bay,US,2022-12-19 19:11:00,37.4636,-122.4286,50.88,84,75,4.61
390,San Pedro,PH,2022-12-19 19:11:01,14.35,121.0167,78.35,88,100,4.61
391,Waren,DE,2022-12-19 19:11:01,53.5167,12.6833,37.02,99,100,14.47
392,Ladario,BR,2022-12-19 19:11:02,-19.0047,-57.6017,89.69,58,75,8.05
393,Rusape,ZW,2022-12-19 19:11:02,-18.5278,32.1284,65.34,88,100,0.85
394,Margate,GB,2022-12-19 19:11:03,51.3813,1.3862,54.88,84,100,8.99
395,Yazman,PK,2022-12-19 19:11:03,29.1212,71.7446,61.74,26,77,4.27
396,Arys,KZ,2022-12-19 19:11:04,42.4252,68.795,35.11,71,5,3.6
397,Ewo,CG,2022-12-19 19:11:04,-0.8725,14.8206,77.4,75,100,3.22
398,Bandar,ID,2022-12-19 19:11:05,2.05,99.75,73.0,98,100,2.42
399,Kalianget,ID,2022-12-19 19:11:05,-7.05,113.9333,80.22,73,93,0.67
400,Pangody,RU,2022-12-19 19:11:06,65.85,74.4859,-7.33,99,100,8.43
401,Bondo,CD,2022-12-19 19:11:06,3.8146,23.6866,77.76,51,90,1.72
402,Camargo,MX,2022-12-19 19:11:07,27.6667,-105.1667,63.91,26,0,6.58
403,Maxixe,MZ,2022-12-19 19:11:07,-23.8597,35.3472,76.82,88,20,4.61
404,Tena,EC,2022-12-19 19:11:08,-0.9833,-77.8167,86.16,58,99,1.43
405,Erdenet,MN,2022-12-19 19:11:09,49.0333,104.0833,-6.65,95,96,3.2
406,Papara,BR,2022-12-19 19:12:09,-3.9839,-38.7273,82.8,45,100,12.37
407,Hervey Bay,AU,2022-12-19 19:12:10,-25.2986,152.8535,71.33,65,100,16.2
408,Karratha,AU,2022-12-19 19:12:10,-20.7377,116.8463,76.21,72,0,9.84
409,Sahuaripa,MX,2022-12-19 19:12:11,29.05,-109.2333,66.81,33,0,2.82
410,Ahipara,NZ,2022-12-19 19:08:34,-35.1667,173.1667,63.77,87,14,1.88
411,Dunmore Town,BS,2022-12-19 19:12:11,25.5,-76.65,73.81,77,100,19.95
412,Kailua,US,2022-12-19 19:12:12,21.4022,-157.7394,73.38,59,100,20.71
413,Aubenas,FR,2022-12-19 19:12:12,44.6201,4.3899,50.16,95,100,8.7
414,Chicama,PE,2022-12-19 19:12:12,-7.8447,-79.1469,73.94,55,100,11.83
415,Villa Carlos Paz,AR,2022-12-19 19:12:13,-31.4241,-64.4978,91.38,21,0,15.99
416,Ahuimanu,US,2022-12-19 19:12:13,21.4447,-157.8378,73.11,70,100,20.71
417,Chicago,US,2022-12-19 19:09:13,41.85,-87.65,26.56,60,75,3.44
418,Oxford,GB,2022-12-19 19:07:18,51.7522,-1.256,56.05,97,100,18.41
419,Bilibino,RU,2022-12-19 19:12:15,68.0546,166.4372,17.64,70,100,7.07
420,Iskateley,RU,2022-12-19 19:12:16,67.6803,53.1512,-10.12,100,71,4.92
421,Kabwe,ZM,2022-12-19 19:12:17,-14.4469,28.4464,65.89,90,100,4.03
422,Ekhabi,RU,2022-12-19 19:12:19,53.5102,142.9671,-6.02,88,100,23.2
423,Orekhovo-Zuevo,RU,2022-12-19 19:12:19,55.8083,38.979,27.72,92,100,11.1
424,Pontianak,ID,2022-12-19 19:12:20,-0.0333,109.3333,75.18,100,100,2.3
425,Svetlyy,RU,2022-12-19 19:12:20,54.675,20.1347,25.97,86,100,19.48
426,Longyearbyen,SJ,2022-12-19 19:12:21,78.2186,15.6401,13.84,67,75,6.91
427,Axim,GH,2022-12-19 19:12:21,4.8699,-2.2405,79.36,82,41,10.16
428,Sao Jose Da Coroa Grande,BR,2022-12-19 19:12:22,-8.8978,-35.1478,81.7,61,0,11.39
429,Artvin,TR,2022-12-19 19:12:22,41.1667,41.8333,43.5,98,100,5.17
430,Mehran,IR,2022-12-19 19:12:23,33.1222,46.1646,61.65,39,0,2.55
431,Scottsbluff,US,2022-12-19 19:12:23,41.8666,-103.6672,24.12,66,0,3.44
432,Port-Gentil,GA,2022-12-19 19:12:24,-0.7193,8.7815,82.36,78,40,10.36
433,Beauly,GB,2022-12-19 19:12:24,57.484,-4.4587,49.95,98,100,9.73
434,Joshimath,IN,2022-12-19 19:12:25,30.5667,79.5667,46.17,19,69,7.43
435,Labuhan,ID,2022-12-19 19:12:25,-6.8844,112.2051,78.3,85,100,6.93
436,Saint-Pierre,RE,2022-12-19 19:12:26,-21.3393,55.4781,78.48,69,0,2.3
437,Yatou,CN,2022-12-19 19:12:26,37.15,122.3833,25.47,71,1,0.29
438,Wanaka,NZ,2022-12-19 19:12:27,-44.7,169.15,51.12,84,100,4.83
439,Lodwar,KE,2022-12-19 19:12:27,3.1191,35.5973,84.94,31,8,8.55
440,Veere,NL,2022-12-19 19:12:27,51.5483,3.6667,50.14,90,100,24.16
441,La Ronge,CA,2022-12-19 19:12:28,55.1001,-105.2842,-5.73,78,100,10.51
442,Makat,KZ,2022-12-19 19:12:28,47.6469,53.3463,32.25,99,100,10.36
443,Manado,ID,2022-12-19 19:12:29,1.487,124.8455,74.17,100,20,1.14
444,Lazaro Cardenas,MX,2022-12-19 19:12:29,17.9583,-102.2,83.82,45,36,7.92
445,Bandarbeyla,SO,2022-12-19 19:12:29,9.4942,50.8122,77.13,75,22,24.61
446,Lappeenranta,FI,2022-12-19 19:12:30,61.0587,28.1887,31.78,93,0,4.61
447,Vung Tau,VN,2022-12-19 19:12:30,10.346,107.0843,76.17,78,25,4.83
448,Nizwa,OM,2022-12-19 19:12:30,22.9333,57.5333,65.08,46,0,2.98
449,Isla Mujeres,MX,2022-12-19 19:08:24,21.2311,-86.731,78.85,82,22,12.3
450,Truro,GB,2022-12-19 19:12:31,50.2653,-5.0544,56.48,94,75,10.36
451,Lata,PT,2022-12-19 19:12:31,40.1629,-8.3327,60.93,88,100,11.52
452,Bertoua,CM,2022-12-19 19:12:31,4.5833,13.6833,74.41,32,91,3.13
453,Zhaoqing,CN,2022-12-19 19:13:32,23.0512,112.4597,49.23,37,5,2.24
454,Las Margaritas,MX,2022-12-19 19:13:32,16.3167,-91.9833,72.48,52,12,9.89
455,Tecoanapa,MX,2022-12-19 19:13:33,16.5167,-98.75,83.32,52,6,8.34
456,Boa Vista,BR,2022-12-19 19:13:33,2.8197,-60.6733,85.98,54,75,10.36
457,Along,IN,2022-12-19 19:13:33,28.1667,94.7667,52.43,78,44,2.01
458,Soyo,AO,2022-12-19 19:13:34,-6.1349,12.3689,78.28,77,52,9.66
459,Minab,IR,2022-12-19 19:13:34,27.1467,57.0801,69.44,31,0,14.83
460,Saint George,US,2022-12-19 19:13:34,37.1041,-113.5841,43.63,41,0,1.99
461,Oranjemund,NA,2022-12-19 19:13:35,-28.55,16.4333,64.27,83,5,18.45
462,Les Cayes,HT,2022-12-19 19:13:35,18.2,-73.75,83.66,58,13,11.12
463,Tuatapere,NZ,2022-12-19 19:13:35,-46.1333,167.6833,47.98,94,100,3.4
464,Puerto Madero,MX,2022-12-19 19:13:36,14.7208,-92.4215,89.8,58,20,6.91
465,Requena,ES,2022-12-19 19:13:36,39.4883,-1.1004,44.53,74,100,0.89
466,Saint-Georges,GD,2022-12-19 19:13:36,12.0564,-61.7485,78.24,79,13,15.08
467,Gallipoli,TR,2022-12-19 19:13:37,40.4103,26.6708,40.86,70,94,23.0
468,Tarauaca,BR,2022-12-19 19:10:21,-8.1614,-70.7656,90.77,47,92,6.08
469,Pitimbu,BR,2022-12-19 19:13:37,-7.4706,-34.8086,82.99,67,2,10.42
470,Nhulunbuy,AU,2022-12-19 19:13:37,-12.2333,136.7667,83.01,78,40,8.05
471,Marsh Harbour,BS,2022-12-19 19:13:38,26.5412,-77.0636,70.45,67,54,16.33
472,Luanda,AO,2022-12-19 19:13:38,-8.8368,13.2343,80.6,69,40,8.05
473,Pyshchug,RU,2022-12-19 19:13:38,58.8873,45.7134,-8.55,100,100,2.35
474,Gorontalo,ID,2022-12-19 19:13:39,0.5412,123.0595,74.73,95,100,2.44
475,Ambon,ID,2022-12-19 19:13:39,-3.6954,128.1814,77.23,15,20,4.61
476,Inuvik,CA,2022-12-19 19:13:39,68.3499,-133.7218,-27.78,99,52,5.1
477,Mangan,IN,2022-12-19 19:13:40,27.5167,88.5333,58.64,83,94,0.87
478,Muhos,FI,2022-12-19 19:13:40,64.808,25.9931,11.98,98,90,3.09
479,Port Hardy,CA,2022-12-19 19:13:40,50.6996,-127.4199,20.73,57,2,15.59
480,Honningsvag,NO,2022-12-19 19:13:41,70.9821,25.9704,35.35,69,40,16.11
481,Rodrigues Alves,BR,2022-12-19 19:13:41,-7.738,-72.6509,87.28,55,100,3.87
482,Cabedelo,BR,2022-12-19 19:13:41,-6.9811,-34.8339,83.07,62,0,10.4
483,General Roca,AR,2022-12-19 19:13:42,-39.0333,-67.5833,99.63,12,98,22.68
484,Burns Lake,CA,2022-12-19 19:13:42,54.2331,-125.7533,-9.26,76,11,1.63
485,Camacha,PT,2022-12-19 19:13:42,33.0833,-16.3333,65.62,88,40,14.97
486,Djambala,CG,2022-12-19 19:13:43,-2.5447,14.7533,68.02,93,100,6.26
487,Linxia,CN,2022-12-19 19:13:43,35.6003,103.2064,15.91,70,1,3.33
488,Clearlake,US,2022-12-19 19:13:43,38.9582,-122.6264,44.94,69,100,3.06
489,Lodingen,NO,2022-12-19 19:13:44,68.414,15.9951,24.94,89,57,3.13
490,Henties Bay,NA,2022-12-19 19:13:44,-22.116,14.2845,62.47,92,0,6.62
491,Yerbogachen,RU,2022-12-19 19:13:44,61.2767,108.0108,-11.13,97,100,6.13
492,Dongying,CN,2022-12-19 19:13:45,37.4564,118.4856,28.78,41,22,6.73
493,Kathu,TH,2022-12-19 19:13:45,7.9178,98.3332,81.75,81,92,14.38
494,Nikko,JP,2022-12-19 19:13:45,36.75,139.6167,27.7,79,61,3.71
495,Humaita,BR,2022-12-19 19:13:45,-7.5061,-63.0208,86.54,67,100,2.39
496,Swan Hill,AU,2022-12-19 19:13:46,-35.3378,143.5544,61.14,37,95,7.76
497,Ashqelon,IL,2022-12-19 19:13:46,31.6693,34.5715,62.82,59,0,1.63
498,Kahului,US,2022-12-19 19:13:46,20.8947,-156.47,77.85,83,100,19.57
499,Talara,PE,2022-12-19 19:13:47,-4.5772,-81.2719,83.16,57,0,13.8
500,Victor Harbor,AU,2022-12-19 19:14:47,-35.5667,138.6167,69.67,31,100,12.73
501,Fenoarivo,MG,2022-12-19 19:14:47,-18.933,47.4354,68.07,100,75,3.44
502,Hasaki,JP,2022-12-19 19:14:48,35.7333,140.8333,32.22,43,0,11.07
503,Karonga,MW,2022-12-19 19:14:48,-9.9333,33.9333,76.39,77,100,5.32
504,Kemri,IN,2022-12-19 19:14:48,28.8167,79.2167,56.77,50,18,5.82
505,Vila Do Maio,CV,2022-12-19 19:14:49,15.1333,-23.2167,77.79,76,8,17.6
506,Kargil,IN,2022-12-19 19:14:49,34.5667,76.1,10.98,63,0,3.78
507,Raudeberg,NO,2022-12-19 19:14:49,61.9875,5.1352,41.67,33,100,10.76
508,Yushu,CN,2022-12-19 19:14:50,44.8,126.5333,-1.37,87,4,5.48
509,Hanna,CA,2022-12-19 19:14:50,51.6334,-111.9018,-17.14,78,78,10.0
510,Tiarei,PF,2022-12-19 19:14:50,-17.5333,-149.3333,84.22,77,90,9.51
511,Russell,US,2022-12-19 19:14:51,32.3502,-85.1999,54.68,30,0,3.44
512,Bubaque,GW,2022-12-19 19:14:51,11.2833,-15.8333,82.69,51,73,9.51
513,San Carlos De Bariloche,AR,2022-12-19 19:14:51,-41.1456,-71.3082,78.24,22,75,17.27
514,Grenaa,DK,2022-12-19 19:14:52,56.4158,10.8783,41.22,97,100,18.9
515,Nata,PA,2022-12-19 19:14:52,8.3333,-80.5167,87.67,62,85,14.41
516,Mbandaka,CD,2022-12-19 19:14:52,0.0487,18.2603,71.24,94,85,1.52
517,Marawi,PH,2022-12-19 19:14:53,7.9986,124.2928,67.48,96,100,1.34
518,San Juan,AR,2022-12-19 19:14:38,-31.5375,-68.5364,95.76,13,0,8.88
519,Skagen,DK,2022-12-19 19:14:53,57.7209,10.5839,39.38,96,100,20.38
520,Natchitoches,US,2022-12-19 19:14:53,31.7668,-93.1335,40.05,93,100,4.61
521,Huarmey,PE,2022-12-19 19:14:54,-10.0681,-78.1522,75.56,72,60,9.46
522,San Cristobal,VE,2022-12-19 19:14:54,7.7669,-72.225,78.98,44,100,4.88
523,Noumea,NC,2022-12-19 19:14:54,-22.2763,166.4572,79.0,99,99,8.16
524,Severo-Yeniseyskiy,RU,2022-12-19 19:14:54,60.3725,93.0408,-26.28,100,100,2.21
525,Emborion,GR,2022-12-19 19:14:55,40.4833,21.55,39.56,80,77,2.86
526,Baraboo,US,2022-12-19 19:14:55,43.4711,-89.7443,16.81,78,75,0.0
527,Spartanburg,US,2022-12-19 19:14:55,34.9496,-81.9321,50.7,37,0,1.01
528,Buchanan,LR,2022-12-19 19:14:57,5.8808,-10.0467,80.67,76,100,8.12
529,Polson,US,2022-12-19 19:14:57,47.6936,-114.1632,3.49,93,100,5.1
530,Moron,AR,2022-12-19 19:14:57,-34.6534,-58.6198,87.8,37,0,11.18
531,Adil-Yangiyurt,RU,2022-12-19 19:14:58,43.5633,46.5846,33.84,94,100,11.72
532,Avera,US,2022-12-19 19:14:58,33.194,-82.5271,53.38,39,97,6.55
533,Marsa Matruh,EG,2022-12-19 19:14:58,31.3525,27.2453,65.25,79,14,13.09
534,Itoman,JP,2022-12-19 19:14:59,26.1247,127.6694,59.02,67,12,8.05
535,Manono,CD,2022-12-19 19:14:59,-7.3,27.4167,68.81,97,96,3.69
536,Mahina,PF,2022-12-19 19:14:59,-17.5065,-149.489,83.97,65,75,12.66
537,Praia Da Vitoria,PT,2022-12-19 19:14:59,38.7333,-27.0667,62.76,94,0,17.2
538,Beska,RS,2022-12-19 19:15:00,45.1297,20.0661,34.43,69,99,14.7
539,Chumikan,RU,2022-12-19 19:15:00,54.7183,135.315,-10.82,81,7,22.97
540,Clonakilty,IE,2022-12-19 19:15:00,51.6231,-8.8706,45.61,74,6,22.82
541,Chara,RU,2022-12-19 19:15:01,56.9064,118.2631,-17.48,96,100,0.87
542,Santa Maria,BR,2022-12-19 19:12:33,-29.6842,-53.8069,82.38,48,35,13.2
543,Kondinskoye,RU,2022-12-19 19:15:01,59.6481,67.41,31.6,98,100,10.89
544,Homer,US,2022-12-19 19:15:02,59.6425,-151.5483,18.81,71,0,17.0
545,Richards Bay,ZA,2022-12-19 19:15:02,-28.783,32.0377,68.56,85,10,4.16
546,Mitsamiouli,KM,2022-12-19 19:15:02,-11.3847,43.2844,81.0,81,45,12.01
547,Morges,CH,2022-12-19 19:15:03,46.5113,6.4985,44.28,86,100,8.16
548,Fortuna,US,2022-12-19 19:16:05,40.5982,-124.1573,46.74,89,0,6.91
549,Biaora,IN,2022-12-19 19:16:05,23.8667,76.9167,62.26,34,13,3.15
550,Batemans Bay,AU,2022-12-19 19:16:06,-35.7167,150.1833,54.03,75,75,5.75
